frame,feature,regression,regression_unc
8.0,0,0.27678653597831726,0.0054476261138916016
8.0,1,-0.010170191526412964,0.0016681551933288574
8.0,2,0.05049717426300049,0.0015665888786315918
8.0,3,0.288308322429657,0.001960545778274536
8.0,4,0.002317190170288086,0.0006857514381408691
8.0,5,-0.013372417539358139,0.0003359466791152954
8.0,6,-0.002987787127494812,0.0002753734588623047
8.0,7,0.011105254292488098,0.0002551823854446411
9.0,0,0.34514740109443665,0.005447566509246826
9.0,1,0.0037289857864379883,0.001411736011505127
9.0,2,0.09765705466270447,0.0015664994716644287
9.0,3,0.33673834800720215,0.0019604861736297607
9.0,4,0.004965931177139282,0.0006856322288513184
9.0,5,-0.007066700607538223,0.00033590197563171387
9.0,6,-0.001438632607460022,0.0002753734588623047
9.0,7,0.01403111219406128,0.00025516748428344727
10.0,0,0.4025824964046478,0.005615592002868652
10.0,1,0.025790363550186157,0.0015516281127929688
10.0,2,0.13731983304023743,0.0016843080520629883
10.0,3,0.37752363085746765,0.0021614134311676025
10.0,4,0.007248014211654663,0.0007119178771972656
10.0,5,-0.0017380528151988983,0.00035087019205093384
10.0,6,-0.00015945732593536377,0.00028967857360839844
10.0,7,-0.0046195387840271,0.0013865530490875244
11.0,0,0.45295408368110657,0.005748927593231201
11.0,1,0.04519972205162048,0.0015926957130432129
11.0,2,0.17212143540382385,0.0018651187419891357
11.0,3,0.4133162796497345,0.002269268035888672
11.0,4,0.009283632040023804,0.0007494688034057617
11.0,5,0.0029442794620990753,0.0003581121563911438
11.0,6,0.000944480299949646,0.00031754374504089355
11.0,7,-0.01663106679916382,0.0005956441164016724
12.0,0,0.49742206931114197,0.005943804979324341
12.0,1,0.06234097480773926,0.0015904605388641357
12.0,2,0.2028529942035675,0.0017958581447601318
12.0,3,0.44490471482276917,0.002199321985244751
12.0,4,0.011091917753219604,0.0007427334785461426
12.0,5,0.009020444005727768,0.0004988163709640503
12.0,6,0.0009606480598449707,0.0005219578742980957
12.0,7,-0.012078002095222473,0.0006070882081985474
13.0,0,0.5368822813034058,0.005864143371582031
13.0,1,0.0775374174118042,0.001559525728225708
13.0,2,0.23013052344322205,0.0017581284046173096
13.0,3,0.4729085862636566,0.0021782517433166504
13.0,4,0.012694388628005981,0.0007349252700805664
13.0,5,0.01570594683289528,0.000497572124004364
13.0,6,0.00046065449714660645,0.0005177408456802368
13.0,7,-0.008039891719818115,0.0005958378314971924
14.0,0,0.5719681978225708,0.005847930908203125
14.0,1,0.09104037284851074,0.001539766788482666
14.0,2,0.2543904483318329,0.0017280876636505127
14.0,3,0.4977878928184509,0.00214385986328125
14.0,4,0.014117628335952759,0.0007272064685821533
14.0,5,0.021648619323968887,0.0005016699433326721
14.0,6,1.0207295417785645e-05,0.0005096495151519775
14.0,7,-0.004451468586921692,0.0005934536457061768
15.0,0,0.6032426357269287,0.0053092241287231445
15.0,1,0.10307073593139648,0.0015226006507873535
15.0,2,0.27602043747901917,0.001707226037979126
15.0,3,0.519949197769165,0.0021251440048217773
15.0,4,0.01538434624671936,0.0007233619689941406
15.0,5,0.026944484561681747,0.0005014166235923767
15.0,6,-0.00039602816104888916,0.0005038082599639893
15.0,7,-0.0012548565864562988,0.0005957484245300293
16.0,0,0.6249904632568359,0.004728794097900391
16.0,1,0.11381733417510986,0.001511216163635254
16.0,2,0.2953522205352783,0.0017171204090118408
16.0,3,0.5397397875785828,0.002113044261932373
16.0,4,0.016514509916305542,0.0007214546203613281
16.0,5,0.03167577460408211,0.0004979223012924194
16.0,6,-0.0007628649473190308,0.000508427619934082
16.0,7,0.001599535346031189,0.0005900561809539795
17.0,0,0.643985390663147,0.0047605037689208984
17.0,1,0.12344285845756531,0.0015006214380264282
17.0,2,0.3126718997955322,0.0017098486423492432
17.0,3,0.5574588775634766,0.0021026134490966797
17.0,4,0.017525047063827515,0.0007340908050537109
17.0,5,0.035913240164518356,0.0004976987838745117
17.0,6,-0.0010944157838821411,0.0005120187997817993
17.0,7,0.004154309630393982,0.0005893409252166748
18.0,0,0.6610434055328369,0.0047376155853271484
18.0,1,0.1461021900177002,0.0012487471103668213
18.0,2,0.3282281458377838,0.0017289519309997559
18.0,3,0.5733655095100403,0.0021135807037353516
18.0,4,0.018430322408676147,0.0007295012474060059
18.0,5,0.03971829637885094,0.000495418906211853
18.0,6,-0.0013942867517471313,0.0005177855491638184
18.0,7,0.0064465999603271484,0.0005855411291122437
19.0,0,0.67640221118927,0.004713773727416992
19.0,1,0.1763104498386383,0.000952601432800293
19.0,2,0.3422369658946991,0.0017149150371551514
19.0,3,0.5876843333244324,0.002100229263305664
19.0,4,0.01924315094947815,0.0007257163524627686
19.0,5,0.043144162744283676,0.0004943236708641052
19.0,6,-0.0016656070947647095,0.0005133897066116333
19.0,7,0.008508607745170593,0.0005823671817779541
20.0,0,0.6902679204940796,0.0047948360443115234
20.0,1,0.20469777286052704,0.0009504407644271851
20.0,2,0.35488593578338623,0.0017042756080627441
20.0,3,0.6006098389625549,0.00209963321685791
20.0,4,0.01997426152229309,0.000725865364074707
20.0,5,0.04623698070645332,0.0005020946264266968
20.0,6,-0.001911357045173645,0.000511854887008667
20.0,7,0.010368332266807556,0.0005920380353927612
21.0,0,0.7028193473815918,0.004958987236022949
21.0,1,0.2303941547870636,0.0009668022394180298
21.0,2,0.36633795499801636,0.0017527341842651367
21.0,3,0.6123107671737671,0.002232491970062256
21.0,4,0.020633190870285034,0.000752866268157959
21.0,5,0.04903682693839073,0.0005553513765335083
21.0,6,-0.0021339505910873413,0.000517532229423523
21.0,7,0.012050136923789978,0.0006195753812789917
22.0,0,0.7142124176025391,0.004926562309265137
22.0,1,0.25371989607810974,0.0009631514549255371
22.0,2,0.3767346143722534,0.0017407536506652832
22.0,3,0.6229335069656372,0.0022161006927490234
22.0,4,0.02122807502746582,0.0007495880126953125
22.0,5,0.051578398793935776,0.0005533993244171143
22.0,6,-0.0023355334997177124,0.0005141794681549072
22.0,7,0.013575106859207153,0.0006149262189865112
23.0,0,0.7245824337005615,0.0049048662185668945
23.0,1,0.2749534547328949,0.0009602010250091553
23.0,2,0.3861992359161377,0.0017647147178649902
23.0,3,0.6326051354408264,0.0022077560424804688
23.0,4,0.02176615595817566,0.0007498562335968018
23.0,5,0.05389200523495674,0.0010836347937583923
23.0,6,-0.0025182217359542847,0.0005249679088592529
23.0,7,0.014961570501327515,0.0006113797426223755
24.0,0,0.7340472936630249,0.0048863887786865234
24.0,1,0.29433712363243103,0.0009562671184539795
24.0,2,0.39483892917633057,0.001753389835357666
24.0,3,0.6414362192153931,0.0021933913230895996
24.0,4,0.02225363254547119,0.0007469058036804199
24.0,5,0.05938432738184929,0.0036713071167469025
24.0,6,-0.0026837587356567383,0.000521436333656311
24.0,7,0.01622563600540161,0.0006079226732254028
25.0,0,0.7427098751068115,0.00487208366394043
25.0,1,0.31208163499832153,0.0009530186653137207
25.0,2,0.4027474522590637,0.0017756223678588867
25.0,3,0.6495229601860046,0.0021949410438537598
25.0,4,0.028950780630111694,0.00034552812576293945
25.0,5,0.07299896329641342,0.003645084798336029
25.0,6,-0.002833828330039978,0.0005319863557815552
25.0,7,0.018741503357887268,0.0020753592252731323
26.0,0,0.7506595849990845,0.004852414131164551
26.0,1,0.3283706307411194,0.000964820384979248
26.0,2,0.41000598669052124,0.0018178820610046387
26.0,3,0.656948983669281,0.002228379249572754
26.0,4,0.03882703185081482,0.0003444850444793701
26.0,5,0.08548755943775177,0.003643020987510681
26.0,6,-3.369152545928955e-05,0.0004390329122543335
26.0,7,0.024447143077850342,0.0020657479763031006
27.0,0,0.7579747438430786,0.004842519760131836
27.0,1,0.3433645963668823,0.0009628832340240479
27.0,2,0.41668596863746643,0.0018371939659118652
27.0,3,0.663787305355072,0.002228379249572754
27.0,4,0.047912582755088806,0.0003436058759689331
27.0,5,0.09697422385215759,0.0036230236291885376
27.0,6,0.00682656466960907,0.0004496723413467407
27.0,7,0.02969491481781006,0.002058178186416626
28.0,0,0.7647238969802856,0.004825949668884277
28.0,1,0.3572036921977997,0.0009667575359344482
28.0,2,0.4228496849536896,0.0018691718578338623
28.0,3,0.6742459535598755,0.0049713850021362305
28.0,4,0.05629214644432068,0.0003426671028137207
28.0,5,0.10810250043869019,0.007663719356060028
28.0,6,0.01315625011920929,0.0004648268222808838
28.0,7,0.0439436137676239,0.008860275149345398
29.0,0,0.7709667682647705,0.004855036735534668
29.0,1,0.3700105547904968,0.0009635090827941895
29.0,2,0.42855173349380493,0.0018711090087890625
29.0,3,0.6861873269081116,0.004956364631652832
29.0,4,0.06403979659080505,0.00034227967262268066
29.0,5,0.12873339653015137,0.007643744349479675
29.0,6,0.01901163160800934,0.0004681795835494995
29.0,7,0.0637301653623581,0.008886247873306274
30.0,0,0.7767561674118042,0.004843473434448242
30.0,1,0.38189253211021423,0.0009616315364837646
30.0,2,0.43383997678756714,0.001859128475189209
30.0,3,0.6972705125808716,0.004933536052703857
30.0,4,0.07122081518173218,0.0003422945737838745
30.0,5,0.14785489439964294,0.0076061636209487915
30.0,6,0.02580130100250244,0.0012755542993545532
30.0,7,0.08207051455974579,0.008857160806655884
31.0,0,0.7821382284164429,0.004827260971069336
31.0,1,0.3929442763328552,0.0009600222110748291
31.0,2,0.43875643610954285,0.0018476545810699463
31.0,3,0.7075835466384888,0.004924476146697998
31.0,4,0.0800999104976654,0.0019284486770629883
31.0,5,0.16562104225158691,0.007612019777297974
31.0,6,0.03520868718624115,0.0033798515796661377
31.0,7,0.09911249577999115,0.00882941484451294
32.0,0,0.7871537208557129,0.004816532135009766
32.0,1,0.40324854850769043,0.0009602010250091553
32.0,2,0.4433383047580719,0.0018613636493682861
32.0,3,0.7172033190727234,0.004968225955963135
32.0,4,0.09444160759449005,0.0019378513097763062
32.0,5,0.18216747045516968,0.0077132731676101685
32.0,6,0.05534452199935913,0.004833817481994629
32.0,7,0.1149863451719284,0.00884312391281128
33.0,0,0.7918381690979004,0.004816770553588867
33.0,1,0.4128788113594055,0.0009582638740539551
33.0,2,0.44761815667152405,0.0018539130687713623
33.0,3,0.7261977195739746,0.004951119422912598
33.0,4,0.10783202946186066,0.0019389539957046509
33.0,5,0.19761395454406738,0.0076857805252075195
33.0,6,0.07576389610767365,0.0048018693923950195
33.0,7,0.12980641424655914,0.008826762437820435
34.0,0,0.796223521232605,0.0048035383224487305
34.0,1,0.4218994975090027,0.0009560585021972656
34.0,2,0.45162487030029297,0.0018441975116729736
34.0,3,0.7346266508102417,0.004929721355438232
34.0,4,0.12036186456680298,0.0019336044788360596
34.0,5,0.21206605434417725,0.00766870379447937
34.0,6,0.09486903250217438,0.004788130521774292
34.0,7,0.1436736136674881,0.008800476789474487
35.0,0,0.8003377914428711,0.004791736602783203
35.0,1,0.4303676187992096,0.0009538829326629639
35.0,2,0.4553837776184082,0.0018463134765625
35.0,3,0.7425429821014404,0.004921376705169678
35.0,4,0.13211087882518768,0.0019287317991256714
35.0,5,0.2256166934967041,0.007637456059455872
35.0,6,0.11278219521045685,0.004809737205505371
35.0,7,0.15667755901813507,0.008776694536209106
36.0,0,0.8042056560516357,0.004789590835571289
36.0,1,0.43833374977111816,0.0009598731994628906
36.0,2,0.4589177370071411,0.0018693208694458008
36.0,3,0.7499935626983643,0.004967153072357178
36.0,4,0.1473071575164795,0.004417687654495239
36.0,5,0.23834887146949768,0.0076636821031570435
36.0,6,0.12961281836032867,0.004839539527893066
36.0,7,0.1688978523015976,0.008776098489761353
37.0,0,0.8078490495681763,0.004779934883117676
37.0,1,0.4458427429199219,0.00096169114112854
37.0,2,0.462246835231781,0.001888275146484375
37.0,3,0.7570202350616455,0.004984021186828613
37.0,4,0.16596576571464539,0.004422634840011597
37.0,5,0.2503361701965332,0.007643193006515503
37.0,6,0.14545707404613495,0.004921853542327881
37.0,7,0.18040446937084198,0.008761048316955566
38.0,0,0.8112879991531372,0.004794478416442871
38.0,1,0.4529348313808441,0.0009613335132598877
38.0,2,0.46538883447647095,0.0018795430660247803
38.0,3,0.7636598944664001,0.004973948001861572
38.0,4,0.1900528520345688,0.0062865763902664185
38.0,5,0.2616438567638397,0.007623046636581421
38.0,6,0.1604016274213791,0.004898577928543091
38.0,7,0.19125996530056,0.008769750595092773
39.0,0,0.8145395517349243,0.004788517951965332
39.0,1,0.45964521169662476,0.0009633898735046387
39.0,2,0.4683597683906555,0.0018726587295532227
39.0,3,0.7699454426765442,0.004967093467712402
39.0,4,0.21483853459358215,0.006279662251472473
39.0,5,0.27232998609542847,0.00760313868522644
39.0,6,0.1745230108499527,0.004872947931289673
39.0,7,0.20152024924755096,0.008758127689361572
40.0,0,0.8176195621490479,0.004779338836669922
40.0,1,0.4660058617591858,0.0009614229202270508
40.0,2,0.47117379307746887,0.0018648803234100342
40.0,3,0.7759060263633728,0.00494915246963501
40.0,4,0.23830534517765045,0.006267920136451721
40.0,5,0.28244680166244507,0.007578939199447632
40.0,6,0.18788953125476837,0.0048475563526153564
40.0,7,0.21123524010181427,0.00874379277229309
41.0,0,0.8205416202545166,0.004778027534484863
41.0,1,0.472044974565506,0.0009597241878509521
41.0,2,0.4738437533378601,0.0018590092658996582
41.0,3,0.7815682888031006,0.004945576190948486
41.0,4,0.2605590522289276,0.006255596876144409
41.0,5,0.29204055666923523,0.007574677467346191
41.0,6,0.20056317746639252,0.004825323820114136
41.0,7,0.22044925391674042,0.008736848831176758
42.0,0,0.8233188390731812,0.0047866106033325195
42.0,1,0.47778815031051636,0.0009645223617553711
42.0,2,0.47638100385665894,0.001855313777923584
42.0,3,0.7869557738304138,0.00494384765625
42.0,4,0.2816973626613617,0.006263524293899536
42.0,5,0.3011535406112671,0.007559299468994141
42.0,6,0.2125987559556961,0.004821568727493286
42.0,7,0.22920279204845428,0.008757472038269043
43.0,0,0.8259620666503906,0.004781484603881836
43.0,1,0.48325833678245544,0.0009632110595703125
43.0,2,0.4787959158420563,0.0018647611141204834
43.0,3,0.7920896410942078,0.0049555301666259766
43.0,4,0.30180591344833374,0.00625532865524292
43.0,5,0.309822678565979,0.007539719343185425
43.0,6,0.22404615581035614,0.0048500895500183105
43.0,7,0.2375308722257614,0.008742034435272217
44.0,0,0.8284815549850464,0.004778027534484863
44.0,1,0.4884759187698364,0.0009682774543762207
44.0,2,0.48109766840934753,0.0018844008445739746
44.0,3,0.7969887852668762,0.0050005316734313965
44.0,4,0.3209632337093353,0.006282240152359009
44.0,5,0.3180820047855377,0.0075254738330841064
44.0,6,0.2349497228860855,0.0049221813678741455
44.0,7,0.24546663463115692,0.008742108941078186
45.0,0,0.8308863639831543,0.004769802093505859
45.0,1,0.4934595823287964,0.000966489315032959
45.0,2,0.48329460620880127,0.0018864870071411133
45.0,3,0.801670491695404,0.005000472068786621
45.0,4,0.3392384350299835,0.006275147199630737
45.0,5,0.32596153020858765,0.007514595985412598
45.0,6,0.2453494518995285,0.004924863576889038
45.0,7,0.25303852558135986,0.008725464344024658
46.0,0,0.8331849575042725,0.0047730207443237305
46.0,1,0.4982260465621948,0.0009667575359344482
46.0,2,0.48539432883262634,0.0018960535526275635
46.0,3,0.8061502575874329,0.005054175853729248
46.0,4,0.35669609904289246,0.006269127130508423
46.0,5,0.3334892988204956,0.00755465030670166
46.0,6,0.2552826404571533,0.004956185817718506
46.0,7,0.26027315855026245,0.008739173412322998
47.0,0,0.8353846073150635,0.004790782928466797
47.0,1,0.5027905702590942,0.0009698867797851562
47.0,2,0.48717308044433594,0.0016918778419494629
47.0,3,0.8104421496391296,0.005065977573394775
47.0,4,0.3733936548233032,0.006272405385971069
47.0,5,0.34069007635116577,0.007547467947006226
47.0,6,0.2647815942764282,0.004967093467712402
47.0,7,0.2671944499015808,0.00877988338470459
48.0,0,0.8374919891357422,0.00478363037109375
48.0,1,0.5071666240692139,0.0009682178497314453
48.0,2,0.48872971534729004,0.001687169075012207
48.0,3,0.814558744430542,0.00505375862121582
48.0,4,0.3893839418888092,0.006266295909881592
48.0,5,0.3475862741470337,0.007529020309448242
48.0,6,0.2738766074180603,0.00496220588684082
48.0,7,0.2738240957260132,0.008766889572143555
49.0,0,0.8395135402679443,0.0047991275787353516
49.0,1,0.5113669037818909,0.0009701848030090332
49.0,2,0.49022436141967773,0.0017008781433105469
49.0,3,0.8185117840766907,0.005096375942230225
49.0,4,0.4047132730484009,0.006267905235290527
49.0,5,0.3541984558105469,0.007543742656707764
49.0,6,0.2825944423675537,0.005014300346374512
49.0,7,0.280181348323822,0.008792519569396973
50.0,0,0.8414547443389893,0.004791975021362305
50.0,1,0.5154027938842773,0.0009685158729553223
50.0,2,0.491661012172699,0.0017054080963134766
50.0,3,0.8223117589950562,0.005094408988952637
50.0,4,0.41942504048347473,0.00625985860824585
50.0,5,0.3605448603630066,0.007526397705078125
50.0,6,0.290959894657135,0.0050133466720581055
50.0,7,0.28628402948379517,0.008776843547821045
51.0,0,0.8433208465576172,0.0047844648361206055
51.0,1,0.519284725189209,0.0009673833847045898
51.0,2,0.4930434823036194,0.0017018914222717285
51.0,3,0.8259680867195129,0.005078554153442383
51.0,4,0.4335600733757019,0.006257563829421997
51.0,5,0.3666430711746216,0.0075476765632629395
51.0,6,0.2989962100982666,0.005019545555114746
51.0,7,0.29214876890182495,0.008762001991271973
52.0,0,0.845116138458252,0.004781246185302734
52.0,1,0.5230220556259155,0.0009668469429016113
52.0,2,0.49437493085861206,0.0016964375972747803
52.0,3,0.8294897675514221,0.005064964294433594
52.0,4,0.4471532106399536,0.006249099969863892
52.0,5,0.3725084960460663,0.007531225681304932
52.0,6,0.306723415851593,0.005004823207855225
52.0,7,0.2977902889251709,0.008755147457122803
53.0,0,0.8468453884124756,0.00478971004486084
53.0,1,0.5266234874725342,0.0009653568267822266
53.0,2,0.49565839767456055,0.0016914010047912598
53.0,3,0.832884669303894,0.005050361156463623
53.0,4,0.4602378010749817,0.006240367889404297
53.0,5,0.37815529108047485,0.007552832365036011
53.0,6,0.3141607642173767,0.004988968372344971
53.0,7,0.30322206020355225,0.008763551712036133
54.0,0,0.8485120534896851,0.004783749580383301
54.0,1,0.5300968885421753,0.0009649395942687988
54.0,2,0.4968966841697693,0.0016859173774719238
54.0,3,0.8361603617668152,0.005039811134338379
54.0,4,0.472844660282135,0.006237924098968506
54.0,5,0.3835965692996979,0.007540851831436157
54.0,6,0.3213253617286682,0.004968523979187012
54.0,7,0.3084564208984375,0.008750736713409424
55.0,0,0.8501200675964355,0.004778027534484863
55.0,1,0.5334497690200806,0.0009675025939941406
55.0,2,0.4980924427509308,0.0016827881336212158
55.0,3,0.8393234014511108,0.0050383806228637695
55.0,4,0.485000342130661,0.006229996681213379
55.0,5,0.38884401321411133,0.007525444030761719
55.0,6,0.32823312282562256,0.0049607157707214355
55.0,7,0.31350547075271606,0.008741259574890137
56.0,0,0.8516726493835449,0.004779338836669922
56.0,1,0.5366886854171753,0.0009684562683105469
56.0,2,0.49924784898757935,0.0016801655292510986
56.0,3,0.8423798680305481,0.005043447017669678
56.0,4,0.496731698513031,0.006273210048675537
56.0,5,0.3939087688922882,0.007605642080307007
56.0,6,0.33489859104156494,0.004943668842315674
56.0,7,0.31837910413742065,0.008752882480621338
57.0,0,0.853172779083252,0.004832148551940918
57.0,1,0.5398198962211609,0.0009801983833312988
57.0,2,0.5003652572631836,0.0016850829124450684
57.0,3,0.8453357815742493,0.005090117454528809
57.0,4,0.5080618858337402,0.006418704986572266
57.0,5,0.3988010883331299,0.007704615592956543
57.0,6,0.3413357734680176,0.00493013858795166
57.0,7,0.3230874538421631,0.00885474681854248
58.0,0,0.8546233177185059,0.004845380783081055
58.0,1,0.5428490042686462,0.000983893871307373
58.0,2,0.5014464259147644,0.0016999244689941406
58.0,3,0.8481963276863098,0.005134403705596924
58.0,4,0.5190121531486511,0.006509602069854736
58.0,5,0.4035301208496094,0.007805883884429932
58.0,6,0.34755653142929077,0.004951596260070801
58.0,7,0.3276386857032776,0.008899927139282227
59.0,0,0.8560267686843872,0.004851222038269043
59.0,1,0.5457813739776611,0.0009832382202148438
59.0,2,0.5024935007095337,0.0017148256301879883
59.0,3,0.8509663343429565,0.005181729793548584
59.0,4,0.5296034216880798,0.006555140018463135
59.0,5,0.4081045985221863,0.007926911115646362
59.0,6,0.3535723090171814,0.004977822303771973
59.0,7,0.3320421576499939,0.008921504020690918
