,frame,feature,prediction,total_uncertainty,true
0,8,0,0.6406711349750638,0.01257880334141568,0.6342522
1,8,1,0.6972462892755537,0.0059733839584217175,0.69929737
2,8,2,0.8193514273128365,0.0047216663172199805,0.8199665
3,8,3,0.7615695804681708,0.006052733570579093,0.76313263
4,8,4,0.3657566159549913,0.005321228269527348,0.3634723
5,8,5,0.22762055434638548,0.005430997425767105,0.22559476
6,8,6,0.8623995681373264,0.003935854274113239,0.8624257
7,8,7,0.5523160533948899,0.011748829351283472,0.54588336
8,8,8,0.10737526382075126,0.0032717983340696476,0.10740379
9,8,9,0.6787227347746404,0.01227741372018576,0.67216617
10,8,10,0.23713487486330703,0.004423029583868178,0.23585132
11,8,11,0.23121403986223038,0.005935996916226693,0.2298659
12,8,12,0.7762221203773706,0.005898890234855261,0.7774475
13,8,13,0.23975497828688763,0.0060685266136857865,0.23807871
14,8,14,0.28948168342228625,0.006914896097273955,0.28668806
15,8,15,0.8049378311018895,0.004905876422574866,0.80578715
16,9,0,0.6469549748430077,0.01257880334141568,0.6437493
17,9,1,0.6908668626342981,0.0059733839584217175,0.690137
18,9,2,0.8067627964050224,0.0047216663172199805,0.80547523
19,9,3,0.7480210063399589,0.006052733570579093,0.7467172
20,9,4,0.3725832966983035,0.005321228269527348,0.37181342
21,9,5,0.23561816208116315,0.005430997425767105,0.23526385
22,9,6,0.8511373690465693,0.003935854274113239,0.84985423
23,9,7,0.5609046324493173,0.011748829351283472,0.55806416
24,9,8,0.11712486785228518,0.0032717983340696476,0.1188207
25,9,9,0.683834003306811,0.01227741372018576,0.68033963
26,9,10,0.24407384034861881,0.004423029583868178,0.24381779
27,9,11,0.24467480024431848,0.005935996916226693,0.24615452
28,9,12,0.762836578310812,0.005898890234855261,0.7611822
29,9,13,0.25324383131289757,0.0060685266136857865,0.25443587
30,9,14,0.30298967339651495,0.006914896097273955,0.303793
31,9,15,0.7920421290809192,0.004905876422574866,0.7907901
32,10,0,0.6520749843444817,0.012966963239034927,0.650914
33,10,1,0.6854964099844495,0.006565689255770608,0.68378866
34,10,2,0.7960435134569527,0.005076480158135277,0.7928455
35,10,3,0.7365995098783271,0.006672976750346462,0.733828
36,10,4,0.37826988753106366,0.00552431396858848,0.378914
37,10,5,0.24206973147523378,0.005672642044050445,0.24249855
38,10,6,0.8413931365509105,0.004139704896201415,0.83859915
39,10,7,0.567762354921549,0.012264893904581452,0.5675889
40,10,8,0.12574380264253632,0.0036570990974070993,0.12783527
41,10,9,0.6879919629315057,0.01263884002271684,0.68674487
42,10,10,0.24969723029111868,0.004536200827671377,0.25118366
43,10,11,0.2560728200004839,0.006551023716471955,0.25881633
44,10,12,0.7514884060942242,0.006539219899644304,0.7487551
45,10,13,0.2646057417590158,0.006687905374480195,0.2672201
46,10,14,0.3142651710066641,0.0077615158040326,0.31637317
47,10,15,0.7810719076585398,0.005320557442437437,0.7780277
48,11,0,0.6564692234913533,0.01327471510823789,0.65768075
49,11,1,0.6807492643038465,0.006739507394680741,0.6788309
50,11,2,0.7865751628876864,0.005621661495751605,0.78510934
51,11,3,0.7265580262626775,0.007005888240344994,0.72529155
52,11,4,0.3831521745330256,0.005814473209234601,0.38339213
53,11,5,0.2475592037004729,0.00578979235859484,0.2475933
54,11,6,0.8327012925325682,0.004537783783261077,0.831051
55,11,7,0.5736735286774923,0.01277894277286301,0.57471865
56,11,8,0.1334741584772844,0.003711399078269479,0.1348659
57,11,9,0.6915831730093508,0.01299712986978694,0.6925
58,11,10,0.254598775093914,0.004958301643423473,0.25418806
59,11,11,0.2660952429125345,0.006817394794223644,0.26739505
60,11,12,0.7414971180052952,0.0067470389655078546,0.74014723
61,11,13,0.27457208319520654,0.007004270305461623,0.27573323
62,11,14,0.3241491818632092,0.008019951775876038,0.3250554
63,11,15,0.7714046647049143,0.005813238386102462,0.7700073
64,12,0,0.6603642111723008,0.013724494510637624,0.65925074
65,12,1,0.6765110907290646,0.006729978144126305,0.6764708
66,12,2,0.7782154506155069,0.005412768594785524,0.77742714
67,12,3,0.7176871769850967,0.006789944525431108,0.7180262
68,12,4,0.387402369716097,0.005763588615802771,0.38754228
69,12,5,0.2522847411108775,0.005731727998962804,0.2508965
70,12,6,0.8249714667580987,0.004402403559425354,0.82441837
71,12,7,0.5789083243288229,0.013025132380901357,0.57715017
72,12,8,0.1403927249716567,0.003607958520929961,0.14065452
73,12,9,0.694765609067043,0.013422837908605077,0.693637
74,12,10,0.25885378438255396,0.004841549653530636,0.25838485
75,12,11,0.2749474289970363,0.006614426799778605,0.27465305
76,12,12,0.73267389275987,0.006550125488031515,0.7328848
77,12,13,0.2833596880271718,0.006793244953453382,0.2828207
78,12,14,0.332881723465183,0.007793269654148471,0.33168805
79,12,15,0.7628614481537548,0.005604163239567796,0.7625481
80,13,0,0.6638815147570868,0.013540374425431526,0.664188
81,13,1,0.6727086903636746,0.006599006642852048,0.6716108
82,13,2,0.7708156434451859,0.005299090152532447,0.7697274
83,13,3,0.7098279206828368,0.006724780781076057,0.70895916
84,13,4,0.39112581548394576,0.005703025979874752,0.39057726
85,13,5,0.25637732632206545,0.005717437566399759,0.2571341
86,13,6,0.8180769555825845,0.0043670031728175514,0.816914
87,13,7,0.5836067282213955,0.012782888366238112,0.5839198
88,13,8,0.1465998882471359,0.003635895526185359,0.14736298
89,13,9,0.697648876596601,0.013251688775573834,0.6974052
90,13,10,0.2625765595000267,0.004768824919469654,0.26287317
91,13,11,0.2827912994948631,0.006568731988480435,0.28357726
92,13,12,0.7248565422655011,0.006510349263284204,0.72397816
93,13,13,0.2911300587301608,0.0067397177989189806,0.2919213
94,13,14,0.34062822376455176,0.007709919320209025,0.34142858
95,13,15,0.7552940406384427,0.005516716856340888,0.7541662
96,14,0,0.6670560310089152,0.013503435471598215,0.6674577
97,14,1,0.6692992350092761,0.0065151344295347425,0.66847086
98,14,2,0.7642507215205745,0.0052082583891358905,0.7627478
99,14,3,0.7028496985933558,0.006618832186835004,0.70138776
100,14,4,0.39439715524734187,0.005642148176478441,0.3945802
101,14,5,0.2599305285547759,0.005764499881776924,0.26053643
102,14,6,0.8119139015439962,0.004298629510261205,0.8108105
103,14,7,0.5878244741350439,0.01273217734403479,0.5893397
104,14,8,0.15218067085428127,0.003585935819077265,0.15277259
105,14,9,0.7002586959829504,0.013180373483189345,0.700051
106,14,10,0.2658445383471806,0.0047261507355480055,0.26557142
107,14,11,0.2897560184018142,0.006467580310661198,0.2912478
108,14,12,0.7179154484574678,0.00641250335841777,0.7164534
109,14,13,0.2980151385851433,0.006634902265029001,0.29951313
110,14,14,0.3475140238521299,0.00760765317502528,0.34933528
111,14,15,0.7485756569430623,0.005420149929723186,0.7469767
112,15,0,0.6699255158238487,0.013454936912617276,0.6682347
113,15,1,0.6662419020725358,0.006442897552912333,0.6661414
114,15,2,0.7584120168145463,0.005145701233835418,0.7585729
115,15,3,0.6966378301185663,0.0065608271259533805,0.6966822
116,15,4,0.3972816582716354,0.0056131868880613545,0.39768514
117,15,5,0.26302445128705587,0.005761575679495752,0.2626793
118,15,6,0.8063920319847655,0.0042496779326365005,0.80641985
119,15,7,0.5916184494454724,0.012781052998092493,0.5907536
120,15,8,0.1572089116855011,0.003555994152585221,0.15693149
121,15,9,0.7026227732371164,0.013110335590863666,0.70080173
122,15,10,0.26872293621283055,0.004685450453715843,0.26836443
123,15,11,0.2959561063439559,0.006413072206986431,0.29601604
124,15,12,0.711736565626022,0.0063549614191075595,0.71176237
125,15,13,0.3041310068087964,0.006586454914072002,0.3040685
126,15,14,0.35365057044172465,0.007604244254119346,0.353672
127,15,15,0.7425958547302636,0.005363060046307883,0.7425714
128,16,0,0.6725216369194148,0.013349672110011174,0.6745554
129,16,1,0.6635014766092577,0.006394636697943802,0.6630889
130,16,2,0.7532060488041226,0.005175498156146923,0.7529825
131,16,3,0.6910942507004316,0.006523835513753442,0.6911691
132,16,4,0.3998337215568358,0.0055984349928498095,0.40153208
133,16,5,0.2657261127686397,0.005721465914177263,0.2663732
134,16,6,0.8014325276639863,0.004288354937657916,0.80161077
135,16,7,0.5950367285701265,0.012658386618687565,0.5962405
136,16,8,0.16174951130289075,0.0036140685521750763,0.16097522
137,16,9,0.7047649187147024,0.0130093407729497,0.70707726
138,16,10,0.271267374492923,0.004655815839646639,0.27241838
139,16,11,0.30148938239120465,0.006377574606558832,0.30144024
140,16,12,0.7062222698154129,0.0063313551034829925,0.70622885
141,16,13,0.3095768674392683,0.00654366119591045,0.3094752
142,16,14,0.35913276184164267,0.00752455125810314,0.35898834
143,16,15,0.7372599393328492,0.0053559057992185015,0.7372216
144,17,0,0.6748731163915431,0.013439525941314872,0.6749956
145,17,1,0.6610464249980541,0.006349747108206115,0.66181487
146,17,2,0.7485526279111425,0.005153458545637062,0.7492988
147,17,3,0.6861346427102645,0.0064914749671787595,0.68720114
148,17,4,0.40209978495443577,0.005696048578161095,0.40223032
149,17,5,0.2680923090007203,0.00571887600515272,0.2676545
150,17,6,0.7969675390973514,0.004318692804282139,0.79750437
151,17,7,0.5981217008820827,0.012643942360921319,0.5978484
152,17,8,0.16585879297267572,0.0037097177146997945,0.16535422
153,17,9,0.7067071538007434,0.013166776906088647,0.70716035
154,17,10,0.2735247907109272,0.004700252967856176,0.27354082
155,17,11,0.3064399493826495,0.006350466319642508,0.3055481
156,17,12,0.7012886925018648,0.0063057115656708585,0.7020335
157,17,13,0.314438019218632,0.006507884578660151,0.31341836
158,17,14,0.36404241856809094,0.007464503133188564,0.36305103
159,17,15,0.7324865857761874,0.005339963805265353,0.7332959
160,18,0,0.6770061766947818,0.013374364404585814,0.6755525
161,18,1,0.6588482508202321,0.006359231466427217,0.6594636
162,18,2,0.7443824557790786,0.005211181613683479,0.74361223
163,18,3,0.6816859940532474,0.00652544854211996,0.68129593
164,18,4,0.4041196450196588,0.005660497059951507,0.40396065
165,18,5,0.27017155308855917,0.005692726002174229,0.2705831
166,18,6,0.7929381432381432,0.004367234752746687,0.7920408
167,18,7,0.6009113042003076,0.012562504141378378,0.5995743
168,18,8,0.16958591316792765,0.003729652456541495,0.17000292
169,18,9,0.7084700127212872,0.01311994679182861,0.706949
170,18,10,0.2755353715885331,0.004673301863378749,0.2762449
171,18,11,0.31088062350189233,0.006378034228823192,0.31120116
172,18,12,0.696863248690135,0.006326290898558761,0.69638777
173,18,13,0.3187882863614532,0.006530168084321329,0.31914723
174,18,14,0.36845063731684946,0.007447740869932871,0.36858016
175,18,15,0.7282054998266188,0.005390793814313519,0.7273134
176,19,0,0.6789444287810431,0.01330701671431966,0.68307436
177,19,1,0.6568813351840551,0.006351027869605519,0.6557537
178,19,2,0.7406356644698613,0.005168629806113412,0.7394723
179,19,3,0.6776851096429216,0.006484013279151467,0.6760277
180,19,4,0.4059273653245215,0.005631073022512757,0.40689504
181,19,5,0.2720052354288677,0.005680163617826622,0.27391982
182,19,6,0.7892931817507566,0.004330318483207515,0.7892449
183,19,7,0.6034391930658848,0.012494034531294962,0.6073513
184,19,8,0.1729737869750145,0.003690895931175899,0.17310788
185,19,9,0.7100722346138357,0.013047741215211885,0.714051
186,19,10,0.27733342305419845,0.004668746599429556,0.2785802
187,19,11,0.3148744156389031,0.0063401977159862925,0.31657872
188,19,12,0.6928831516118826,0.006288947553706451,0.691363
189,19,13,0.3226915289301633,0.006489575422804509,0.3244067
190,19,14,0.372419108384592,0.007400886255038709,0.37413847
191,19,15,0.7243559138459743,0.005349470950229954,0.723051
192,20,0,0.6807090516105452,0.013535852183048754,0.6874767
193,20,1,0.6551226586885167,0.006335952682988916,0.6522128
194,20,2,0.7372604665315067,0.005136637037893491,0.7338338
195,20,3,0.6740772467652728,0.006482133244784337,0.6688732
196,20,4,0.40755211163210836,0.0056318617372540705,0.41073322
197,20,5,0.2736286737660964,0.005769422888570966,0.2789723
198,20,6,0.7859881649129254,0.004317496906073219,0.7837114
199,20,7,0.6057351619681915,0.01270096062429598,0.61319536
200,20,8,0.17605993712098753,0.003663676826141978,0.17764577
201,20,9,0.711530811685901,0.013278026356540174,0.71809185
202,20,10,0.2789482571079811,0.004693353964001137,0.28173032
203,20,11,0.3184759063961118,0.006340657750402649,0.3233965
204,20,12,0.689294030361094,0.006278223807548517,0.68465304
205,20,13,0.3262030259959077,0.006495727782667292,0.33157435
206,20,14,0.376001384482349,0.007411576871687238,0.38205686
207,20,15,0.7208852344408863,0.005323037147042434,0.71694607
208,21,0,0.6823189200163181,0.013999356726758588,0.6830671
209,21,1,0.6535515653740438,0.006445958901427446,0.6536239
210,21,2,0.7342120074848777,0.0052828830318412305,0.73290235
211,21,3,0.6708149474987807,0.006892416589646801,0.66934985
212,21,4,0.4090188469510799,0.005841563104942432,0.40999708
213,21,5,0.27507199232419194,0.006381481421973814,0.27692273
214,21,6,0.7829843392475686,0.004365050599560747,0.7819402
215,21,7,0.6078254892017637,0.013292691053494312,0.60860497
216,21,8,0.17887722423331012,0.0036802243489067504,0.17961954
217,21,9,0.7128610144800892,0.013739447742491822,0.713707
218,21,10,0.28040492697540387,0.004870424232671812,0.282086
219,21,11,0.3217324122884583,0.00670027279150882,0.32308164
220,21,12,0.6860487579580322,0.0065874487136586,0.6848863
221,21,13,0.3293706596888753,0.006947617774577732,0.33094752
222,21,14,0.3792439641912638,0.00797045723554534,0.38130903
223,21,15,0.7177478882253298,0.005543680234685944,0.71659184
224,22,0,0.6837907906511985,0.013907905412090445,0.6854825
225,22,1,0.6521495290314461,0.006421603933095596,0.65230906
226,22,2,0.7314513891911746,0.005246684757018059,0.7325583
227,22,3,0.6678570319084902,0.006841590906435701,0.66808015
228,22,4,0.4103489359933987,0.005816196434553335,0.4119723
229,22,5,0.27636087875196963,0.00635889671626546,0.27737173
230,22,6,0.7802478962171995,0.00433695400194394,0.7814534
231,22,7,0.6097333022368916,0.013192407607843041,0.611207
232,22,8,0.1814544707022328,0.003653605980383044,0.18034111
233,22,9,0.7140764882804859,0.013649544422217972,0.7155889
234,22,10,0.2817248500928505,0.004885787825859092,0.28228572
235,22,11,0.3246849921092189,0.0066518008466705915,0.32436734
236,22,12,0.6831064439818954,0.006541456037059212,0.68343735
237,22,13,0.33223593820268027,0.006897794981044248,0.3319854
238,22,14,0.3821872416813034,0.007929255593597598,0.38214576
239,22,15,0.7149043365065683,0.005500997832865648,0.7157653
240,23,0,0.6851395000670182,0.013846601672231874,0.68699706
241,23,1,0.6508999348049338,0.006401483683496199,0.6504752
242,23,2,0.7289448343705798,0.005318925788102096,0.7282828
243,23,3,0.6651677311052663,0.006816028530393339,0.66405684
244,23,4,0.4115606639842935,0.005818278266376926,0.41259477
245,23,5,0.2775172331038324,0.006305644615733087,0.27882215
246,23,6,0.7777492935346316,0.004428090487271155,0.7770277
247,23,7,0.6114789277677573,0.013116328458336367,0.6126035
248,23,8,0.18381699833689552,0.003722839571307167,0.18374781
249,23,9,0.7151893779856051,0.013584780175120322,0.7170131
250,23,10,0.2829263420336034,0.004856604622708068,0.28370115
251,23,11,0.32736931246022316,0.006636393200465566,0.3284067
252,23,12,0.6804315691370806,0.006531919031942278,0.6795554
253,23,13,0.3348348773395835,0.0068695147070094685,0.33597958
254,23,14,0.3848663322823637,0.007876649653471993,0.3859796
255,23,15,0.7123202320975879,0.005541067494342084,0.71154517
256,24,0,0.6863781621451095,0.01379437067584178,0.6885496
257,24,1,0.6497878783127438,0.006375624417606538,0.64955395
258,24,2,0.7266629730143992,0.0052848467980156225,0.7279869
259,24,3,0.6627159419226905,0.006771793526538744,0.66351897
260,24,4,0.41266968217373345,0.005795588610983169,0.41400585
261,24,5,0.2785597233941308,0.006264446530378714,0.2794271
262,24,6,0.7754626751068654,0.004398939738100206,0.77691543
263,24,7,0.6130802173110567,0.013041393697020967,0.615293
264,24,8,0.1859870903238799,0.0037050685455354794,0.18481924
265,24,9,0.7162104640881015,0.013533738630036629,0.7185321
266,24,10,0.2840250711628867,0.004832974840055853,0.28499126
267,24,11,0.32981639122266837,0.0065952015181686445,0.32875803
268,24,12,0.6779932429359273,0.006494165554371979,0.67918515
269,24,13,0.33719875890204654,0.0068237204145991165,0.33641398
270,24,14,0.3873117878838924,0.00782189425508495,0.3874344
271,24,15,0.7099656981673746,0.005503859444870358,0.71135134
272,25,0,0.6875183575237367,0.013753998265330006,0.6869082
273,25,1,0.648799982628147,0.0063536568067391426,0.6508396
274,25,2,0.7245802317009951,0.00535177770314038,0.72675216
275,25,3,0.6604745858219455,0.0067765808227897165,0.66277695
276,25,4,0.41368939012058703,0.00578269329595782,0.41353208
277,25,5,0.27950426118839505,0.006219647100063128,0.27860788
278,25,6,0.7733653738594488,0.00448664488384078,0.77540815
279,25,7,0.614552845340922,0.012998217193175569,0.61410207
280,25,8,0.1879843888989263,0.0037545059989217604,0.1862449
281,25,9,0.7171493003952235,0.013500742879057434,0.71635425
282,25,10,0.28503444680808115,0.004815085456538145,0.2844796
283,25,11,0.332053236693763,0.006619726534731111,0.32962683
284,25,12,0.6757645662388776,0.0065314865966649505,0.67814577
285,25,13,0.3393547832723435,0.006823959176176694,0.33713266
286,25,14,0.38955021631896514,0.007777270087044909,0.3874373
287,25,15,0.7078147105528814,0.0055708136448075095,0.7099577
288,26,0,0.6885703096022007,0.013698518835021338,0.6909198
289,26,1,0.6479242333164018,0.006431996644193452,0.64845335
290,26,2,0.7226743107211374,0.005479275449497822,0.724414
291,26,3,0.6584200578010265,0.0068797054736437395,0.6595204
292,26,4,0.4146312631766665,0.005765992333636186,0.41573033
293,26,5,0.2803644081762568,0.006216114657013629,0.28146064
294,26,6,0.7714374852212968,0.004612397893558867,0.7736399
295,26,7,0.6159105776435218,0.01293805861938917,0.61760205
296,26,8,0.18982623793616926,0.0038445172835020122,0.18753207
297,26,9,0.7180143463627099,0.013444129531752653,0.7206414
298,26,10,0.28596595041384315,0.00481779385655755,0.2860554
299,26,11,0.33410339672549966,0.006738994372977651,0.33309475
300,26,12,0.6737220840067707,0.006649773699360811,0.6748003
301,26,13,0.3413266304744012,0.006915397129941209,0.3403076
302,26,14,0.39160481644099276,0.007836912977256165,0.3909752
303,26,15,0.7058445684813921,0.005687550150091523,0.7074781
304,27,0,0.6895430450391015,0.013670718088610964,0.69090813
305,27,1,0.6471498306634497,0.0064195352331334905,0.6486924
306,27,2,0.7209257360490443,0.005537355169479312,0.7233149
307,27,3,0.6565317527296832,0.006879792525319132,0.6581997
308,27,4,0.41550513278210754,0.005749828180473168,0.41538775
309,27,5,0.2811517234729069,0.006182067580138683,0.28224343
310,27,6,0.7696615008219502,0.004723919928341602,0.7725554
311,27,7,0.6171655103803619,0.012890915054053115,0.61869824
312,27,8,0.19152797835402477,0.00397262698884052,0.18886006
313,27,9,0.7188130905753155,0.013427125739838642,0.7205015
314,27,10,0.28682941803179846,0.004800393660730975,0.28628862
315,27,11,0.3359874305512292,0.006736041636044526,0.33441836
316,27,12,0.6718453154011726,0.006652605289335482,0.67341834
317,27,13,0.34313494241567044,0.006909772255170942,0.34162974
318,27,14,0.3934958398297893,0.007808986369530728,0.39240378
319,27,15,0.7040354407650523,0.005733121809013774,0.7062216
320,28,0,0.6904445380869183,0.013624079529684797,0.6954256
321,28,1,0.6464670579146816,0.006445097748119745,0.64602476
322,28,2,0.7193174751518205,0.005633877223156234,0.72070557
323,28,3,0.6547916582230628,0.006904680864219686,0.6555408
324,28,4,0.41631942617027223,0.005735477092271203,0.41768223
325,28,5,0.2818760600811929,0.006150736829389869,0.28354374
326,28,6,0.7680219935439586,0.004883191473349067,0.76993734
327,28,7,0.6183282813614323,0.012844512741207301,0.6224286
328,28,8,0.1931032030942545,0.0041132246511519565,0.19109912
329,28,9,0.7195521636225891,0.013384505723107565,0.72462535
330,28,10,0.2876332812822441,0.004800150059605933,0.28890088
331,28,11,0.3377233142311738,0.006757248362242203,0.33688775
332,28,12,0.6701163501887222,0.00667612086556704,0.670914
333,28,13,0.34479773733140134,0.006924039653997786,0.3442201
334,28,14,0.3952409888442522,0.007796953721268699,0.39497522
335,28,15,0.7023699764512336,0.005807655278601144,0.7036749
336,29,0,0.6912818391269572,0.013705782210679219,0.69361955
337,29,1,0.6458671641521706,0.006424299795519957,0.6449796
338,29,2,0.7178346072995081,0.0056396788765556965,0.71798253
339,29,3,0.653184004654663,0.006883703397567356,0.65339357
340,29,4,0.4170813712299253,0.0057282647429138895,0.4187522
341,29,5,0.28254581781029164,0.006134718207429771,0.28310642
342,29,6,0.7665053464435638,0.004918305915021951,0.767465
343,29,7,0.6194082556817404,0.012882088229921854,0.6211385
344,29,8,0.19456397742886447,0.004158268384220668,0.193586
345,29,9,0.720237439833773,0.013475705277150227,0.722914
346,29,10,0.28838477287253644,0.004797170187640696,0.28902188
347,29,11,0.33932678913607617,0.006740543369189601,0.33912244
348,29,12,0.6685195019715691,0.006659935470117097,0.66870993
349,29,13,0.3463307659732695,0.00689809398744975,0.346293
350,29,14,0.3968557596110694,0.00776271203509291,0.39743003
351,29,15,0.7008329705546725,0.005809115961313646,0.70080465
352,30,0,0.6920611883330612,0.01367313663297162,0.6927537
353,30,1,0.6453422603894506,0.006410644446771426,0.6459125
354,30,2,0.7164640404311046,0.005603568381357603,0.715984
355,30,3,0.651694964205804,0.006852070568653819,0.6500481
356,30,4,0.41779717150270096,0.005729583878600002,0.41906413
357,30,5,0.28316815894574526,0.006104592689921596,0.28538483
358,30,6,0.7650995191794564,0.004895333778163917,0.7653732
359,30,7,0.6204136881486877,0.012839938965323656,0.62205833
360,30,8,0.19592102951190066,0.004136334457884622,0.19546501
361,30,9,0.7208741280635901,0.013449693428014537,0.7210175
362,30,10,0.2890901018791049,0.004781598460787225,0.29071283
363,30,11,0.3408116615744877,0.0067099137709922445,0.34210786
364,30,12,0.6670410101104467,0.006630805712255877,0.66582656
365,30,13,0.34774781778351427,0.006864532095329741,0.34960496
366,30,14,0.398353737486116,0.007726520905404617,0.4003382
367,30,15,0.6994110768811439,0.00577197764503075,0.6986764
368,31,0,0.692788115675505,0.013627414922826373,0.69500726
369,31,1,0.6448852274978997,0.006400274440703751,0.64345044
370,31,2,0.7151942678162484,0.005569015071567264,0.7126341
371,31,3,0.6503123919829913,0.006839414215544783,0.6470583
372,31,4,0.4184721556125256,0.005719122289372734,0.42088047
373,31,5,0.2837491920853647,0.006109326571312689,0.2873994
374,31,6,0.7637938465447115,0.004858829585792052,0.76215017
375,31,7,0.6213518649701205,0.012799706147145328,0.62533385
376,31,8,0.19718391537632163,0.004104055157310966,0.1981239
377,31,9,0.7214668521311819,0.01340281930087149,0.7230452
378,31,10,0.2897546032387057,0.0047902438740628625,0.29247668
379,31,11,0.34219006052474843,0.006689361903638142,0.34533235
380,31,12,0.6656687833712014,0.006610388707260521,0.66264576
381,31,13,0.34906098415261333,0.006858474750204812,0.35254082
382,31,14,0.3997468515589821,0.007718776716270537,0.40390962
383,31,15,0.6980925611317411,0.005740177223171809,0.69557
384,32,0,0.693467528588905,0.013597328712262926,0.69699854
385,32,1,0.6444896346582955,0.006401462996251747,0.64365304
386,32,2,0.7140151587543749,0.005610222343415327,0.7145569
387,32,3,0.6490256032172258,0.006900144284194413,0.64938486
388,32,4,0.41911090482648805,0.0057466462330346855,0.42102623
389,32,5,0.2842941287898534,0.006190518119054825,0.2858659
390,32,6,0.7625788645014889,0.004867070626772222,0.7628382
391,32,7,0.6222292270868826,0.012819689218947506,0.62486297
392,32,8,0.19836116196650275,0.004096699110644209,0.19785714
393,32,9,0.7220197217293376,0.013362328724623259,0.7255787
394,32,10,0.29038286524478407,0.004855256537770074,0.2919271
395,32,11,0.34347265944467315,0.006747671334417569,0.34305394
396,32,12,0.6643921793255061,0.006664582169476196,0.6648615
397,32,13,0.350280884864269,0.006932279077596268,0.35010934
398,32,14,0.4010455939050865,0.007821363453480586,0.40120116
399,32,15,0.696867088478568,0.005774994075227389,0.6974169
400,33,0,0.6941037886316357,0.013597914057241383,0.69510204
401,33,1,0.6441496671349707,0.00638889395144121,0.6436502
402,33,2,0.7129177784034955,0.005587647479083912,0.7129781
403,33,3,0.6478251814091975,0.006876378632341954,0.6472303
404,33,4,0.41971736192528636,0.005749829201111011,0.4205583
405,33,5,0.28480741703267104,0.006168449886103654,0.2867347
406,33,6,0.7614461597983858,0.004834833339319826,0.7624927
407,33,7,0.6230514773725178,0.01279592317527386,0.6243265
408,33,8,0.19946039127758566,0.004069295843082991,0.19820555
409,33,9,0.7225363947080259,0.01336489824655132,0.72315013
410,33,10,0.2909788382885282,0.00485292886148123,0.29199272
411,33,11,0.34466886727954005,0.006726039437325311,0.34512392
412,33,12,0.6632018143955399,0.006645411014715637,0.66289943
413,33,13,0.35141686296910246,0.006905218298442714,0.35229447
414,33,14,0.40225920852066266,0.0077892635355385105,0.4037682
415,33,15,0.6957255406550704,0.0057537063547534704,0.6956297
416,34,0,0.6947007784055184,0.01356015780258405,0.69629735
417,34,1,0.6438600622829996,0.006373993607511355,0.6435073
418,34,2,0.7118942325529933,0.005558531392829575,0.7132901
419,34,3,0.6467028130169894,0.006846679144592904,0.6474927
420,34,4,0.42029492410889635,0.005734089796395936,0.42116472
421,34,5,0.2852928548597194,0.00615480192584358,0.28606123
422,34,6,0.7603882398267005,0.004821059344653952,0.7622872
423,34,7,0.623823673726393,0.012757761217704692,0.62532943
424,34,8,0.2004884282301446,0.004062690019184848,0.19851458
425,34,9,0.7230201316455133,0.013324991585778226,0.72479737
426,34,10,0.291545927608495,0.004839421329640847,0.29261371
427,34,11,0.3457869930555895,0.00669737717768789,0.34490234
428,34,12,0.6620894001691567,0.0066184323221194575,0.66316473
429,34,13,0.3524771525833418,0.0068763040738143,0.35174635
430,34,14,0.40339585419941854,0.007764835149228088,0.4032901
431,34,15,0.694659858329894,0.005724142577790269,0.6961589
432,35,0,0.6952619599120949,0.013527309921674275,0.6938863
433,35,1,0.64361605281219,0.006359663020963308,0.64559036
434,35,2,0.7109375337687637,0.005564884147648264,0.7135758
435,35,3,0.6456511449131903,0.0068351167410009,0.64827114
436,35,4,0.4208465222718812,0.005719550516249436,0.42010495
437,35,5,0.28575368717506705,0.006129725080648945,0.284621
438,35,6,0.7593984198608453,0.004842801840948944,0.7615467
439,35,7,0.6245503098787087,0.012723304450303074,0.6230481
440,35,8,0.20145139453106395,0.004089305704032611,0.19962536
441,35,9,0.7234738435839424,0.01329225630672392,0.7224854
442,35,10,0.2920870724062575,0.004827340808992139,0.29221573
443,35,11,0.3468343878163651,0.0066889576514448275,0.34412828
444,35,12,0.6610476022432097,0.006616550084294186,0.66376674
445,35,13,0.3534690234667428,0.006863863164613863,0.3510525
446,35,14,0.4044627450187141,0.007740020414951959,0.4021108
447,35,15,0.6936629051511402,0.005735928983224132,0.6963907
448,36,0,0.6957904254139381,0.013521246318805621,0.69576967
449,36,1,0.6434133164401744,0.006399155018205431,0.6448557
450,36,2,0.7100414858613522,0.005634228532272853,0.7126735
451,36,3,0.6446636613796305,0.006898707833018527,0.6466793
452,36,4,0.4213746886455096,0.0057311660790701725,0.42072156
453,36,5,0.286192688144054,0.0061507106788273236,0.28620118
454,36,6,0.7584707252436315,0.004872659907916937,0.76154375
455,36,7,0.6252353855210183,0.012722389783749425,0.62470114
456,36,8,0.20235479044930885,0.004102460478224188,0.19990963
457,36,9,0.7239001337448433,0.013274541847971074,0.7243513
458,36,10,0.2926048133384088,0.004817187612622896,0.29226822
459,36,11,0.3478175671189103,0.0067585792245988836,0.34565598
460,36,12,0.6600699183930246,0.006687336502667245,0.66260207
461,36,13,0.3543989056818402,0.006917705255212979,0.35262975
462,36,14,0.40546627158942083,0.00778735175493179,0.40381777
463,36,15,0.6927283503744629,0.005810894087938576,0.6954475
464,37,0,0.6962889417578049,0.013493642620631092,0.69319534
465,37,1,0.6432479311676763,0.006411977520420213,0.6441822
466,37,2,0.7092005840724228,0.005691293253342598,0.70973176
467,37,3,0.6437345778722321,0.006922043081365884,0.6447114
468,37,4,0.42188161451390277,0.00573755007550767,0.42237464
469,37,5,0.28661223134071223,0.00613428273918007,0.2866414
470,37,6,0.757599806430552,0.004955737311570793,0.75859183
471,37,7,0.6258824671824421,0.012700580882820929,0.6237653
472,37,8,0.2032035661601771,0.004146872220266922,0.20202915
473,37,9,0.7243013339671287,0.013242002995819435,0.7212478
474,37,10,0.2931013500989851,0.004816535135851859,0.29278424
475,37,11,0.3487423168438589,0.006788664106895385,0.347742
476,37,12,0.6591505733282612,0.00673611008101648,0.66011953
477,37,13,0.35527249716258985,0.006932736226930224,0.35454664
478,37,14,0.40641210577895126,0.007797268233952498,0.40551165
479,37,15,0.6918505674372674,0.0058725979334743736,0.6926458
480,38,0,0.696759989007657,0.01353521561328043,0.6957609
481,38,1,0.6431163355008359,0.006409111343835451,0.6447157
482,38,2,0.7084099287536746,0.00566508930226576,0.70921284
483,38,3,0.6428587491863211,0.006908190746516126,0.64402187
484,38,4,0.42236919946257695,0.005724394423959628,0.4222376
485,38,5,0.2870143494543111,0.00611813336785081,0.28706998
486,38,6,0.7567808651081124,0.004932244896914573,0.7575379
487,38,7,0.6264947410938809,0.012713259606953044,0.6255962
488,38,8,0.2040021840766408,0.004129851051264692,0.20359184
489,38,9,0.7246795365337676,0.013280011843701277,0.72405833
490,38,10,0.2935785905535641,0.004814665413629953,0.29317784
491,38,11,0.34961378467702453,0.006775233088645151,0.34859914
492,38,12,0.6582844276907284,0.006721703885779113,0.65910786
493,38,13,0.35609485661395657,0.006915131590522152,0.35515597
494,38,14,0.40730529123309617,0.007783712395303922,0.40591836
495,38,15,0.6910245462239715,0.005850591820471966,0.69201165
496,39,0,0.697205794133577,0.013518418020933893,0.69713414
497,39,1,0.6430152930279598,0.0064228406357338735,0.64325655
498,39,2,0.7076651506351707,0.005644167533712697,0.7071064
499,39,3,0.6420315899934123,0.006898496436550555,0.6418863
500,39,4,0.4228390934045164,0.0057180022015407336,0.42380613
501,39,5,0.2874007851028323,0.0061022325629610475,0.28833672
502,39,6,0.7560095898577024,0.0049062225358699006,0.75587755
503,39,7,0.6270750591220282,0.012696317893487255,0.626465
504,39,8,0.2047546733855749,0.004104973608642515,0.20489067
505,39,9,0.7250366219785832,0.013256303057568971,0.7253353
506,39,10,0.2940381926706664,0.004814172731772551,0.29462537
507,39,11,0.35043655928083833,0.00676211335324225,0.35060787
508,39,12,0.6574668992876905,0.006704801070494383,0.6572143
509,39,13,0.3568704838157317,0.006902102809779671,0.35703498
510,39,14,0.40815032169174903,0.007781646404979537,0.40825218
511,39,15,0.6902458170937186,0.005833071312899108,0.68984985
512,40,0,0.6976283604092913,0.013492334787545163,0.70059913
513,40,1,0.6429418608314028,0.006410065216411129,0.6425525
514,40,2,0.7069623460553198,0.005621039247114996,0.7061108
515,40,3,0.641249006012028,0.006873643330049455,0.63958746
516,40,4,0.42329273244643073,0.005707316178110541,0.42382362
517,40,5,0.2877730340729837,0.006082709512369173,0.2898105
518,40,6,0.7552821000552175,0.004880853780495559,0.7550015
519,40,7,0.6276259787120491,0.012675755283165118,0.6302274
520,40,8,0.20546467783497765,0.004085899188562952,0.20534256
521,40,9,0.7253742833942742,0.013227264711694622,0.7280962
522,40,10,0.2944816003121996,0.004802465578050139,0.29620555
523,40,11,0.35121473888377785,0.006737848527790665,0.352828
524,40,12,0.6566938948430888,0.00668130395717373,0.6552201
525,40,13,0.35760338910569883,0.006877617843721669,0.35943878
526,40,14,0.408951208809435,0.007756435195544006,0.4107274
527,40,15,0.6895103850204409,0.005807961035273727,0.6883557
528,41,0,0.6980294930870349,0.01348842407495448,0.70225513
529,41,1,0.6428933612800829,0.006398315567302039,0.64057434
530,41,2,0.7062980207595653,0.0056031689985350484,0.7051268
531,41,3,0.6405073343245351,0.006868800244380408,0.6387114
532,41,4,0.423731369501812,0.00569608259408053,0.42571867
533,41,5,0.28813238211148123,0.0060792671493951666,0.28972742
534,41,6,0.7545948968832957,0.004858419844272145,0.75348544
535,41,7,0.628149797651706,0.012665351134695699,0.6324825
536,41,8,0.20613549767143097,0.004064712202290815,0.2074242
537,41,9,0.7256940476981979,0.01321853508756771,0.7303513
538,41,10,0.2949100737879158,0.004808004498612398,0.29650438
539,41,11,0.3519519907677449,0.006733494868932598,0.35371283
540,41,12,0.6559617507960116,0.006674922452520998,0.6543061
541,41,13,0.3582971535621156,0.006875779219976415,0.3601414
542,41,14,0.4097115409475993,0.007747573867812656,0.41210058
543,41,15,0.6888146724328689,0.005795558682158947,0.68749416
544,42,0,0.6984108218438484,0.013512931704494637,0.6975306
545,42,1,0.6428673568050678,0.006430056459450608,0.6419971
546,42,2,0.7056690410752303,0.005592045507980454,0.7032828
547,42,3,0.6398032915653133,0.0068664516726605765,0.6373382
548,42,4,0.42415610042409363,0.0057034413712520205,0.42538485
549,42,5,0.28847993622598944,0.006066986996620138,0.28971428
550,42,6,0.7539448204924399,0.004854763203238286,0.7519708
551,42,7,0.6286485843592696,0.012695662428302541,0.62854666
552,42,8,0.20677012650136725,0.004081791060173964,0.20864432
553,42,9,0.7259972942542487,0.013257582900098555,0.7250685
554,42,10,0.29532471594519394,0.00480905395229385,0.29568222
555,42,11,0.3526516029211311,0.0067319798444792954,0.35524344
556,42,12,0.6552671818867774,0.0066722529819092284,0.6526414
557,42,13,0.35895498118721786,0.006873056076683041,0.3614169
558,42,14,0.4104345341963678,0.007753194261492252,0.41274637
559,42,15,0.6881554695450218,0.005786888226554358,0.68563265
560,43,0,0.6987738204276398,0.013498409661212683,0.7015029
561,43,1,0.6428616273105072,0.006422106921944005,0.6403644
562,43,2,0.7050725914410242,0.005620530103417881,0.7019548
563,43,3,0.6391339288880039,0.0068826238052484235,0.6354752
564,43,4,0.4245678863193861,0.005695914983087356,0.42719388
565,43,5,0.2888166513122257,0.006051271859288868,0.2904067
566,43,6,0.7533290124834898,0.004883356289675777,0.7504563
567,43,7,0.6291242043013447,0.01267325914296172,0.6323819
568,43,8,0.20737128374210992,0.0041249662277493245,0.21016473
569,43,9,0.7262852711973659,0.013242505701333881,0.7291662
570,43,10,0.29572649445155963,0.004799119959938003,0.29724783
571,43,11,0.3533165289438679,0.006755133026094032,0.3569825
572,43,12,0.65460723645135,0.006698936206263671,0.6510452
573,43,13,0.3595797442067925,0.006886933544406286,0.36318222
574,43,14,0.411123076704175,0.007754856309611059,0.41498834
575,43,15,0.687529891141002,0.005818590795015273,0.6844417
576,44,0,0.6991198238737624,0.013488625012682751,0.6995437
577,44,1,0.6428741499157122,0.006454740025224021,0.6430845
578,44,2,0.7045061374158055,0.005679708527332499,0.7024577
579,44,3,0.6384965927755903,0.006944983081249524,0.63633233
580,44,4,0.42496757260110973,0.005720446885733555,0.42636296
581,44,5,0.2891433528027264,0.006039868965343496,0.29089504
582,44,6,0.7527448830003655,0.004956039537818232,0.7511706
583,44,7,0.6295783430632449,0.012673139424640937,0.6303163
584,44,8,0.2079414432364768,0.004221407160858652,0.2096137
585,44,9,0.7265591097614695,0.013234585772275197,0.7268484
586,44,10,0.2961162608302537,0.00479835594631117,0.29739505
587,44,11,0.3539494271356229,0.0068211255234900915,0.35596356
588,44,12,0.6539792574989741,0.006762378129642166,0.65212685
589,44,13,0.3601740224412463,0.006943400371009998,0.3623688
590,44,14,0.4117797672400528,0.007809030527347039,0.4141749
591,44,15,0.6869353389259518,0.005872034956814285,0.6850583
592,45,0,0.6994500436126817,0.01346541769369489,0.7031997
593,45,1,0.6429030807621282,0.006443581574551304,0.64137024
594,45,2,0.7039673934159916,0.005685996706882426,0.70125216
595,45,3,0.6378888908904793,0.00694487337719084,0.6337318
596,45,4,0.42535590526595374,0.005713944296835485,0.4268338
597,45,5,0.2894607559296184,0.006031021428268478,0.29274198
598,45,6,0.7521900818215963,0.004958694055929678,0.7498411
599,45,7,0.6300125265222921,0.012649119127512239,0.63420117
600,45,8,0.2084828585257446,0.004240305029277574,0.21087317
601,45,9,0.7268198368715483,0.01321063251088114,0.7302609
602,45,10,0.2964947667264302,0.004793163468929623,0.29862392
603,45,11,0.35455269456564525,0.006818514836876216,0.35852477
604,45,12,0.6533808487797209,0.006757439458898048,0.6493542
605,45,13,0.360740137567104,0.006942830335199481,0.36491254
606,45,14,0.41240694878183354,0.007807586145772622,0.41691837
607,45,15,0.6863694686815275,0.005871407370546571,0.68310493
608,46,0,0.6997655807457775,0.0134745524032363,0.70516616
609,46,1,0.6429467386519794,0.006445276814032786,0.6406195
610,46,2,0.703454294537654,0.005714819633458024,0.7014155
611,46,3,0.6373086622758357,0.007019650486605481,0.63435566
612,46,4,0.4257335447999004,0.005708556564625224,0.42772156
613,46,5,0.28976948210583203,0.0060631692202610075,0.29181194
614,46,6,0.7516624729244094,0.004990189881439867,0.749707
615,46,7,0.6304281385120738,0.012669118814514053,0.6360277
616,46,8,0.2089975852080295,0.004291992931819865,0.2109169
617,46,9,0.727068386225669,0.013213164411988531,0.73210204
618,46,10,0.29686267781104764,0.0048065938707677145,0.2983586
619,46,11,0.3551284968093326,0.006887275854501945,0.35808018
620,46,12,0.6528098451613156,0.006832272582614655,0.6499956
621,46,13,0.36128018297116304,0.007015519634776668,0.36426386
622,46,14,0.4130067378109336,0.007880167359002512,0.4168732
623,46,15,0.685830161572358,0.005922806514984229,0.68332505
624,47,0,0.7000674377286026,0.013524964951920153,0.70181924
625,47,1,0.6430035903141131,0.006466247422302366,0.64243
626,47,2,0.7029649719105052,0.005716204153533284,0.70167637
627,47,3,0.6367539513170248,0.00703595499337097,0.63520116
628,47,4,0.4261010780627629,0.005711498229763348,0.42621574
629,47,5,0.2900700728542743,0.006057446426254955,0.29116327
630,47,6,0.7511601120681329,0.0050012234371909,0.7496516
631,47,7,0.6308264363119263,0.012727885409473835,0.6330233
632,47,8,0.2094875007510261,0.004313485232964657,0.21139067
633,47,9,0.7273056080622944,0.013253288914566036,0.7290773
634,47,10,0.2972205856694367,0.0048038326397391445,0.29847378
635,47,11,0.3556787939395598,0.006905808564031017,0.35716763
636,47,12,0.6522642867309962,0.006848089221323691,0.65085566
637,47,13,0.3617960497997152,0.007031240309995094,0.36338192
638,47,14,0.4135810498979878,0.007916748381099547,0.4157376
639,47,15,0.6853154990424021,0.0059364754867485105,0.68404955
640,48,0,0.7003565286683436,0.013504089633056564,0.7057872
641,48,1,0.643072237117583,0.006454982607260413,0.64091253
642,48,2,0.7024977311089622,0.00570039591501161,0.69918656
643,48,3,0.6362229849555042,0.0070189413846757235,0.632051
644,48,4,0.42645902844829003,0.0057059007941017825,0.42838484
645,48,5,0.2903630016506616,0.006042700409129729,0.29318804
646,48,6,0.7506812270062295,0.004996242036045621,0.74767494
647,48,7,0.6312085642496441,0.012708958747716182,0.6363936
648,48,8,0.20995432207814646,0.00433097407455641,0.2128309
649,48,9,0.7275322777819617,0.013232072724012944,0.73275805
650,48,10,0.29756901797031926,0.004797681658525368,0.29935715
651,48,11,0.3562053632778012,0.00688883898737528,0.36046794
652,48,12,0.6517423961206027,0.0068310951397595595,0.647621
653,48,13,0.3622894497198696,0.007014316874093415,0.36654374
654,48,14,0.4141316220810929,0.007903990958936858,0.41880757
655,48,15,0.6848237408191918,0.005918721629627118,0.68130904
656,49,0,0.7006336884141158,0.013548161408054484,0.70100147
657,49,1,0.6431514030752734,0.006468317122188248,0.64263994
658,49,2,0.7020510332121612,0.005746673073603097,0.6993834
659,49,3,0.6357141527189497,0.007078116179084475,0.6332143
660,49,4,0.4268078645730717,0.0057073323870962585,0.4280831
661,49,5,0.29064868399134697,0.006054550926095171,0.29151312
662,49,6,0.7502241999898662,0.005048731952991209,0.74842566
663,49,7,0.63157556566563,0.012746268567045228,0.6328644
664,49,8,0.21039962120424816,0.004393858985990989,0.21210933
665,49,9,0.7277491035695989,0.01327168630827367,0.72817636
666,49,10,0.29790844716742615,0.004799919142333216,0.29832506
667,49,11,0.35670981933905294,0.0069557268517451264,0.35920992
668,49,12,0.651242558623631,0.006894218844902527,0.6487522
669,49,13,0.3627619348369833,0.007074932698557529,0.3653892
670,49,14,0.4146600324677888,0.007966033009330215,0.41751313
671,49,15,0.6843533056115992,0.005969405418935327,0.6816662
672,50,0,0.7008996805944836,0.01352777820606296,0.7023338
673,50,1,0.6432399239988088,0.006457179244577234,0.6422405
674,50,2,0.7016234781619018,0.005762149517089003,0.69995916
675,50,3,0.6352259891925598,0.007075377537160088,0.63426965
676,50,4,0.4271480077101324,0.005700146631477309,0.42704958
677,50,5,0.29092748595117035,0.0060406206766639315,0.28988338
678,50,6,0.7497875522719282,0.005047853200896358,0.74771863
679,50,7,0.6319283934524833,0.01272345434636213,0.63283676
680,50,8,0.2108248391602934,0.004397167674532958,0.21281779
681,50,9,0.7279567331440775,0.013250353418654898,0.72950727
682,50,10,0.29823929794867515,0.00479225759602916,0.29798543
683,50,11,0.3571936313437562,0.006954199833062337,0.35827258
684,50,12,0.6507633047333784,0.006894109627625121,0.6496676
685,50,13,0.36321491514970355,0.00707408832589877,0.36424053
686,50,14,0.4151677174314214,0.00796321821525237,0.41592565
687,50,15,0.6839027541446804,0.00598193697063794,0.6824869
688,51,0,0.7011552047357172,0.013506813275594796,0.704156
689,51,1,0.6433367376824936,0.006449253980382656,0.6419621
690,51,2,0.7012137901163694,0.005750101170856466,0.7000394
691,51,3,0.6347571586088409,0.007053504446920828,0.63339067
692,51,4,0.4274798381512639,0.005698083862558327,0.42849854
693,51,5,0.29119973145692674,0.00605765977412262,0.29198834
694,51,6,0.7493699303598382,0.00505392224867465,0.7481239
695,51,7,0.6322679193546292,0.012701941268373505,0.6352799
696,51,8,0.2112312984145913,0.004408774255816815,0.21240671
697,51,9,0.7281557597446165,0.013229292612431212,0.73100436
698,51,10,0.2985619536161909,0.004792835674374435,0.2991108
699,51,11,0.3576581386178599,0.006932961985242267,0.35891253
700,51,12,0.6503032947830112,0.00687361610930615,0.64890814
701,51,13,0.36364967387063285,0.007052571023242434,0.3649417
702,51,14,0.4156559867207342,0.00794068962548848,0.41752478
703,51,15,0.6834707742247386,0.005964518664811437,0.682
704,52,0,0.7014009025763159,0.013497687378546307,0.698793
705,52,1,0.6434408750084041,0.006445666828602993,0.64333236
706,52,2,0.7008208045393619,0.005731745205546996,0.6995933
707,52,3,0.6343064412780292,0.007034499621537984,0.63336587
708,52,4,0.42780370065501655,0.005690159131745835,0.42866036
709,52,5,0.29146570846846326,0.006044355842036736,0.290328
710,52,6,0.7489700937994427,0.005039224874849492,0.74783385
711,52,7,0.6325949421873397,0.012692133130761524,0.6307012
712,52,8,0.21162021397099492,0.00439596849240695,0.2130452
713,52,9,0.7283467274490099,0.013218475912939613,0.7255496
714,52,10,0.29887676155344095,0.004784975049966406,0.29847378
715,52,11,0.3581045641575686,0.006913511938402051,0.35924926
716,52,12,0.6498613054126758,0.006855965111916816,0.6486152
717,52,13,0.36406738089482976,0.007033011039970855,0.36507142
718,52,14,0.41612603675717014,0.007923125654601652,0.4164388
719,52,15,0.6830561675702329,0.005948286822135178,0.68174344
720,53,0,0.7016373636778416,0.013521765983048595,0.7017536
721,53,1,0.6435514518773076,0.006436031759415589,0.64422303
722,53,2,0.7004434568006288,0.005714519736097077,0.7002959
723,53,3,0.6338727216197365,0.007014322380969598,0.6339985
724,53,4,0.4281199091141423,0.005682241534528037,0.4280481
725,53,5,0.29172567423082196,0.006061772312808009,0.29192567
726,53,6,0.7485869043013428,0.005023167092224679,0.7485525
727,53,7,0.6329101951127853,0.012704231203773795,0.6334563
728,53,8,0.21199270330092101,0.004388517113577808,0.2125204
729,53,9,0.7285301359060148,0.013246820435504748,0.728621
730,53,10,0.29918403791275555,0.004787935882121676,0.29954228
731,53,11,0.35853402659710104,0.006894214624156591,0.358414
732,53,12,0.6494362176267328,0.0068378361643521126,0.64967203
733,53,13,0.3644691046591225,0.0070131717648651915,0.3645073
734,53,14,0.4165789623563365,0.007904599630896077,0.41646063
735,53,15,0.6826578381805745,0.005930717896226844,0.6827391
736,54,0,0.7018651304187747,0.013504737364160246,0.70389795
737,54,1,0.6436676618810315,0.006433293661508275,0.6412609
738,54,2,0.7000807720936995,0.005696071267422807,0.69841546
739,54,3,0.6334549775893517,0.0069996882840437135,0.63098836
740,54,4,0.42842875055657675,0.005680166954989723,0.42910933
741,54,5,0.2919798597364975,0.006052194055619806,0.29302332
742,54,6,0.748219316046102,0.005002699465789322,0.7466618
743,54,7,0.6332143520921183,0.012685480891770483,0.63569534
744,54,8,0.21234979524579603,0.004368145173804165,0.2138003
745,54,9,0.7287064445533562,0.013229265005774904,0.7308863
746,54,10,0.2994840716368868,0.004781184151612709,0.2999927
747,54,11,0.3589475507850267,0.006879443016983103,0.36120847
748,54,12,0.6490270062367327,0.006824415236918149,0.64681923
749,54,13,0.3648558226016033,0.006997817249570199,0.36740088
750,54,14,0.4170157670774976,0.007890687029522008,0.4196589
751,54,15,0.6822747820460721,0.005913659800751291,0.68024635
752,55,0,0.702084702446613,0.013488549035549068,0.7003878
753,55,1,0.6437887696414976,0.006450065796284732,0.6450146
754,55,2,0.6997318565039721,0.00568563324284099,0.7003251
755,55,3,0.6330522713209922,0.006997405421644592,0.6343848
756,55,4,0.42873048857724394,0.005672844479771967,0.42691836
757,55,5,0.29222847351614595,0.006039782942029666,0.28968805
758,55,6,0.7478663670263096,0.004994825329188326,0.7481035
759,55,7,0.633508033616539,0.012671810978032085,0.63130176
760,55,8,0.21269243800904436,0.0043613848009306745,0.2126618
761,55,9,0.7288760763834051,0.013213825908825892,0.72759914
762,55,10,0.2997771279115442,0.0047740700900569775,0.29837462
763,55,11,0.3593460771466374,0.006874113362756006,0.3581866
764,55,12,0.648632730513674,0.006819176652342529,0.6497478
765,55,13,0.3652284304018462,0.006996171640056862,0.3639111
766,55,14,0.4174373723769983,0.007885583253513724,0.41541255
767,55,15,0.6819060780290889,0.005907880371701499,0.68275803
768,56,0,0.7022965406535361,0.013492526237467325,0.69563705
769,56,1,0.6439141047500176,0.00645648553962194,0.6474038
770,56,2,0.6993958890824965,0.005676838357187092,0.7010773
771,56,3,0.6326637408330424,0.007004594377796669,0.63580173
772,56,4,0.4290253662836562,0.005712145558936242,0.4251618
773,56,5,0.2924717048584365,0.006104220559775015,0.28945774
774,56,6,0.7475271713020442,0.004977668694553614,0.7480321
775,56,7,0.6337918118065212,0.012688826588307818,0.6274767
776,56,8,0.21302150634162628,0.0043422154168068095,0.21270117
777,56,9,0.7290394213104885,0.013210939696276227,0.72281486
778,56,10,0.3000634511316035,0.004802179595812557,0.2974621
779,56,11,0.35973046998569885,0.006877271221662108,0.35690233
780,56,12,0.6482525258970375,0.006821142930846374,0.6510554
781,56,13,0.36558775015768485,0.007004828615507125,0.36230466
782,56,14,0.41784462571754066,0.007911870461521975,0.41384256
783,56,15,0.6815508797694649,0.005903308788527008,0.68382215
784,57,0,0.7025010707324446,0.013641333012225178,0.69877696
785,57,1,0.6440430562477998,0.006534780816055163,0.64625365
786,57,2,0.6990721148003377,0.005693004291011663,0.70177406
787,57,3,0.632288592663135,0.0070694335723015,0.6354985
788,57,4,0.4293136088260787,0.005844715101822313,0.4261443
789,57,5,0.2927097265447151,0.006183631510704999,0.28949127
790,57,6,0.747200912062284,0.004963941324730544,0.74919534
791,57,7,0.6340662149565175,0.012836519157467053,0.62960494
792,57,8,0.21333780801207558,0.004325906740042831,0.21213265
793,57,9,0.7291968391868167,0.01334329896016541,0.7262245
794,57,10,0.30034326745153866,0.004877462154856988,0.2981924
795,57,11,0.36010152485821717,0.0069301167845727055,0.35688776
796,57,12,0.6478855966286649,0.006872657223591474,0.6510102
797,57,13,0.36593453763317446,0.0070789335438048336,0.3627449
798,57,14,0.41823830776464865,0.00801034620475481,0.41410786
799,57,15,0.6812084084870174,0.005938106363390498,0.6840219
800,58,0,0.7026986863627974,0.0136788246812761,0.69976676
801,58,1,0.6441750675950729,0.0065598382246233765,0.6450408
802,58,2,0.6987598382751374,0.005743496041980619,0.70158166
803,58,3,0.631926095317319,0.007130846056544225,0.63539356
804,58,4,0.4295954255726243,0.005927386117586032,0.42724052
805,58,5,0.29294269717135546,0.006264876037473062,0.28923178
806,58,6,0.7468868353986076,0.004985706613681816,0.7490831
807,58,7,0.6343317315922344,0.012901794771948315,0.63087755
808,58,8,0.21364208964067996,0.004325522455634904,0.21202041
809,58,9,0.7293486625079546,0.013363939299230035,0.7265554
810,58,10,0.3006167869802755,0.004925304286351672,0.29861954
811,58,11,0.36045997513306016,0.006993047032899899,0.35730904
812,58,12,0.6475312091972314,0.006931656297207517,0.6505758
813,58,13,0.36626948869415565,0.007141890998321981,0.36287463
814,58,14,0.4186191387839628,0.008105076963892923,0.41475073
815,58,15,0.6808779465709139,0.005990283351488237,0.683793
816,59,0,0.702889752069336,0.01369505056749167,0.6989971
817,59,1,0.6443096320819138,0.006555661057425091,0.64624345
818,59,2,0.698458418175873,0.005793916423881196,0.7027653
819,59,3,0.6315755734335341,0.007196730027337989,0.636758
820,59,4,0.4298710119807776,0.00596887763974923,0.427449
821,59,5,0.2931707631217895,0.006362043800207618,0.2889694
822,59,6,0.7465842447094538,0.005012013563305858,0.74977845
823,59,7,0.6345888140987908,0.012933276791877576,0.63005537
824,59,8,0.21393504196765364,0.0043359824584201555,0.21149854
825,59,9,0.7294951988435634,0.013378554169112728,0.7265773
826,59,10,0.300884205671842,0.004962801257819404,0.29835132
827,59,11,0.36080649783897545,0.007047413745864211,0.3557449
828,59,12,0.6471886864942633,0.006981865233101523,0.6521589
829,59,13,0.36659324503219437,0.007207074057770618,0.3613615
830,59,14,0.4189877843378101,0.00817952656612115,0.41310787
831,59,15,0.6805588318603218,0.0060414395327920666,0.68520844
